covariate,variable_type,smd_unadjusted,smd_matched
distance,Distance,0.6225465381535491,0.062214868161056945
baseline_score,Contin.,-0.4772419226772963,-0.0333049733830357
age,Contin.,0.01254840105043298,-0.024557743957650844
female,Binary,0.05707723833129453,-0.008812100132328445
urban,Binary,0.21872382545804558,0.03182240772732431
prior_service,Binary,0.2819398454374562,0.04723038284185186
factor(region)_North,Binary,-0.07908558743760738,-0.018885661931443438
factor(region)_South,Binary,0.10163747079848655,0.0022901481532258813
factor(region)_West,Binary,-0.02490268338490061,0.016022671234008683
